,0
0,\tg_lge2_con7_div19_cty1_nme1.png
1,\tg_lge3_con4_div11_cty13_nme16.png
2,\tg_lge3_con3_div11_cty38_nme63.png
3,\tg_lge2_con7_div18_cty20_nme32.png
4,\tg_lge2_con8_div20_cty6_nme7.png
5,\tg_lge3_con4_div9_cty21_nme35.png
6,\tg_lge3_con4_div9_cty55_nme69.png
7,\tg_lge2_con7_div19_cty21_nme36.png
8,\tg_lge2_con7_div19_cty47_nme82.png
9,\tg_lge2_con7_div18_cty3_nme3.png
10,\tg_lge3_con3_div11_cty57_nme24.png
11,\tg_lge4_con3_div14_cty46_nme81.png
12,\tg_lge2_con8_div20_cty42_nme72.png
13,\tg_lge4_con4_div16_cty30_nme46.png
14,\tg_lge3_con4_div9_cty37_nme62.png
15,\tg_lge4_con4_div12_cty12_nme15.png
16,\tg_lge2_con8_div22_cty9_nme53.png
17,\tg_lge1_con2_div8_cty34_nme51.png
18,\tg_lge4_con4_div14_cty19_nme29.png
19,\tg_lge1_con1_div2_cty6_nme88.png
20,\tg_lge2_con8_div22_cty43_nme73.png
21,\tg_lge3_con5_div10_cty8_nme18.png
22,\tg_lge2_con8_div21_cty37_nme60.png
23,\tg_lge4_con4_div16_cty37_nme91.png
24,\tg_lge2_con8_div20_cty53_nme92.png
25,\tg_lge1_con2_div6_cty50_nme90.png
26,\tg_lge1_con1_div1_cty3_nme8.png
27,\tg_lge1_con2_div5_cty7_nme9.png
28,\tg_lge2_con8_div20_cty2_nme2.png
29,\tg_lge1_con1_div4_cty48_nme83.png
30,\tg_lge1_con1_div3_cty42_nme67.png
31,\tg_lge3_con4_div9_cty5_nme87.png
32,\tg_lge1_con1_div2_cty14_nme30.png
33,\tg_lge2_con8_div22_cty51_nme71.png
34,\tg_lge1_con1_div3_cty45_nme75.png
35,\tg_lge2_con7_div18_cty36_nme59.png
36,\tg_lge2_con8_div21_cty25_nme43.png
37,\tg_lge1_con1_div4_cty9_nme56.png
38,\tg_lge2_con8_div22_cty31_nme47.png
39,\tg_lge3_con3_div10_cty16_nme20.png
40,\tg_lge3_con4_div10_cty49_nme84.png
41,\tg_lge2_con7_div17_cty11_nme96.png
42,\tg_lge1_con1_div1_cty25_nme41.png
43,\tg_lge4_con3_div16_cty29_nme43.png
44,\tg_lge3_con4_div12_cty11_nme14.png
45,\tg_lge1_con2_div8_cty24_nme40.png
46,\tg_lge2_con7_div18_cty5_nme6.png
47,\tg_lge1_con2_div7_cty13_nme27.png
48,\tg_lge3_con3_div11_cty25_nme42.png
49,\tg_lge3_con3_div12_cty42_nme68.png
50,\tg_lge3_con4_div10_cty4_nme85.png
51,\tg_lge3_con3_div9_cty1_nme19.png
52,\tg_lge3_con4_div12_cty14_nme17.png
53,\tg_lge2_con7_div17_cty42_nme70.png
54,\tg_lge1_con2_div5_cty20_nme31.png
55,\tg_lge2_con7_div17_cty12_nme21.png
56,\tg_lge1_con1_div3_cty11_nme95.png
57,\tg_lge1_con2_div8_cty9_nme11.png
58,\tg_lge1_con2_div7_cty39_nme64.png
59,\tg_lge1_con1_div2_cty41_nme66.png
60,\tg_lge3_con3_div12_cty56_nme78.png
61,\tg_lge1_con1_div4_cty1_nme6.png
62,\tg_lge1_con2_div7_cty35_nme57.png
63,\tg_lge2_con7_div19_cty48_nme67.png
64,\tg_lge4_con3_div15_cty17_nme26.png
65,\tg_lge2_con8_div20_cty57_nme25.png
66,\tg_lge3_con3_div12_cty40_nme65.png
67,\tg_lge3_con3_div11_cty53_nme93.png
68,\tg_lge3_con3_div12_cty42_nme71.png
69,\tg_lge1_con2_div6_cty33_nme50.png
70,\tg_lge3_con3_div9_cty3_nme12.png
71,\tg_lge1_con1_div2_cty12_nme22.png
72,\tg_lge1_con2_div6_cty31_nme48.png
73,\tg_lge3_con4_div9_cty23_nme39.png
74,\tg_lge3_con3_div12_cty22_nme37.png
75,\tg_lge2_con8_div21_cty34_nme52.png
